product,category,material,eco_score,benefits,recycling_tip,repurpose_tip,price_range
Bamboo Toothbrush,Personal Care,Bamboo,9,Biodegradable handle and plastic-free alternative to conventional toothbrushes,Remove bristles and compost bamboo handle,Use old brush for cleaning small items,₹100-₹200
Reusable Water Bottle,Kitchen,Stainless Steel,9,Reduces single-use plastic bottle consumption,Recycle at metal recycling facility,Use as plant watering bottle,₹300-₹800
Cloth Shopping Bag,Shopping,Cotton,8,Reusable alternative to plastic grocery bags,Recycle as textile waste after long-term use,Use old bags as cleaning cloths,₹50-₹200
Glass Food Container,Kitchen,Glass,8,Durable and safer than plastic food containers,Recycle glass in glass recycling bins,Use as storage jar for spices,₹200-₹600
Bamboo Cutlery Set,Travel,Bamboo,9,Portable eco-friendly replacement for disposable plastic cutlery,Compost bamboo pieces when worn out,Use as gardening markers,₹150-₹400
Metal Straw,Kitchen,Stainless Steel,9,Reusable straw reducing plastic straw pollution,Recycle with metal scrap,Use as small plant support stick,₹100-₹300
Beeswax Food Wrap,Kitchen,Cotton + Beeswax,8,Reusable wrap replacing plastic cling film,Compost after end of life,Use worn wraps as fire starters,₹200-₹500
Eco Laundry Detergent,Home Care,Plant-Based,7,Biodegradable ingredients safer for environment,Reuse container for refill programs,Use bottle for DIY cleaners,₹250-₹600
Solar Power Bank,Electronics,Solar Panel + Battery,7,Uses renewable solar energy to charge devices,Dispose batteries at e-waste center,Use solar panel for small DIY projects,₹800-₹2000
Compost Bin,Home,Garden Plastic,8,Allows composting of kitchen waste at home,Reuse long-term for composting cycles,Use compost soil for plants,₹500-₹1500
Reusable Coffee Cup,Kitchen,Bamboo Fiber,8,Reduces disposable coffee cup waste,Recycle bamboo fiber where facilities exist,Use as small plant pot,₹200-₹500
LED Bulb,Home,Glass + Electronics,8,Consumes less electricity and lasts longer than traditional bulbs,Dispose via e-waste recycling centers,Reuse bulb glass for craft decoration,₹150-₹400
Wooden Hair Brush,Personal Care,Wood,8,Plastic-free grooming tool with natural materials,Compost wooden parts after removing bristles,Use for cleaning delicate surfaces,₹200-₹600
Organic Cotton T-Shirt,Clothing,Organic Cotton,7,Produced without harmful pesticides and chemicals,Recycle fabric as textile waste,Use old shirt as reusable cloth bag,₹500-₹1200
Refillable Soap Dispenser,Home Care,Glass + Metal,8,Encourages refillable cleaning product use,Recycle glass bottle and metal pump,Use bottle for homemade soap mixtures,₹300-₹700
Bamboo Toilet Paper,Home Care,Bamboo,8,Sustainable alternative to wood pulp toilet paper,Compost packaging if biodegradable,Reuse packaging for storage,₹200-₹500
Reusable Produce Bags,Shopping,Cotton Mesh,9,Reduces plastic produce bag waste at grocery stores,Recycle as textile waste after heavy use,Use bags for storing vegetables,₹150-₹400
Natural Loofah Sponge,Personal Care,Loofah Plant,9,Compostable alternative to plastic sponges,Compost completely after use,Use old loofah for garden soil aeration,₹100-₹300
Eco-Friendly Notebook,Stationery,Recycled Paper,8,Reduces deforestation by using recycled materials,Recycle paper in paper recycling bins,Use leftover pages as scrap notes,₹100-₹250
Reusable Food Storage Bags,Kitchen,Silicone,8,Reusable alternative to disposable plastic zip bags,Recycle silicone at specialty recycling centers,Use bags for travel storage,₹300-₹800
Wooden Kitchen Utensils,Kitchen,Wood,8,Natural and biodegradable alternative to plastic utensils,Compost when worn out,Use old spoons as plant markers,₹200-₹600
Solar Garden Light,Garden,Solar Panel + LED,7,Provides outdoor lighting using renewable solar energy,Dispose electronics at e-waste center,Reuse solar panel for DIY projects,₹500-₹1200
Reusable Razor,Personal Care,Metal,9,Reduces disposable plastic razor waste,Recycle metal razor body,Reuse handle with replacement blades,₹500-₹1500
Eco Yoga Mat,Fitness,Natural Rubber,8,Biodegradable and toxin-free exercise mat,Recycle rubber at specialty recycling facilities,Use old mat as floor padding,₹800-₹2000
Plant-Based Dish Soap,Home Care,Plant Ingredients,7,Less harmful to aquatic ecosystems,Reuse bottle for refill soap solutions,Use diluted soap for cleaning surfaces,₹150-₹350